{
    "description": "Multi-Market XAUUSDm Model",
    "dataset": "datasets/XAUUSDm/XAUUSDm_dataset_atr_2_0_v001.csv",
    "features": [
        "final_score",
        "trend_score",
        "breakout_score",
        "reversal_score",
        "session_score",
        "atr_pct",
        "adx",
        "ema50_slope",
        "rsi",
        "macd",
        "hour_utc",
        "is_high_volatility",
        "is_buy",
        "recent_high_20_distance_pct",
        "recent_low_20_distance_pct"
    ],
    "config": {
        "max_depth": 2,
        "learning_rate": 0.01,
        "n_estimators": 100,
        "subsample": 0.9,
        "colsample_bytree": 0.9,
        "reg_alpha": 0.1,
        "reg_lambda": 10
    },
    "drift_stats": {
        "final_score": {
            "mean": 85.0,
            "std": 0.0
        },
        "trend_score": {
            "mean": 9.403849162885308,
            "std": 93.74287967978651
        },
        "breakout_score": {
            "mean": 0.0,
            "std": 0.0
        },
        "reversal_score": {
            "mean": -4.474504045953994,
            "std": 35.76871096652793
        },
        "session_score": {
            "mean": 52.332968236582694,
            "std": 29.629732359335367
        },
        "atr_pct": {
            "mean": 0.1019895069446003,
            "std": 0.07517586235390189
        },
        "adx": {
            "mean": 39.55066479969198,
            "std": 8.236243550833644
        },
        "ema50_slope": {
            "mean": 1.2336596525660113,
            "std": 7.03349561005184
        },
        "rsi": {
            "mean": 52.970925489334725,
            "std": 24.667784852174456
        },
        "macd": {
            "mean": 0.08735181692602968,
            "std": 6.055895008472574
        },
        "recent_high_20_distance_pct": {
            "mean": 0.28150549266725255,
            "std": 0.5574264616629285
        },
        "recent_low_20_distance_pct": {
            "mean": 0.27739427391210547,
            "std": 0.4421572812774642
        }
    },
    "model_version": "v20260624114223",
    "registered_at": "2026-06-24T11:42:23.194008"
}