{
    "description": "Multi-Market US30m Model",
    "dataset": "datasets/US30m/US30m_dataset_atr_2_0_v001.csv",
    "features": [
        "final_score",
        "trend_score",
        "breakout_score",
        "reversal_score",
        "session_score",
        "atr_pct",
        "adx",
        "ema50_slope",
        "rsi",
        "macd",
        "hour_utc",
        "is_high_volatility",
        "is_buy",
        "recent_high_20_distance_pct",
        "recent_low_20_distance_pct"
    ],
    "config": {
        "max_depth": 2,
        "learning_rate": 0.01,
        "n_estimators": 100,
        "subsample": 0.9,
        "colsample_bytree": 0.9,
        "reg_alpha": 0.1,
        "reg_lambda": 10
    },
    "drift_stats": {
        "final_score": {
            "mean": 85.0,
            "std": 0.0
        },
        "trend_score": {
            "mean": 5.2097614477652865,
            "std": 94.06640651056667
        },
        "breakout_score": {
            "mean": 0.0,
            "std": 0.0
        },
        "reversal_score": {
            "mean": -0.6615151626295225,
            "std": 35.29570100826317
        },
        "session_score": {
            "mean": 66.94817658349328,
            "std": 32.73674210519762
        },
        "atr_pct": {
            "mean": 0.06549254335312037,
            "std": 0.04639149295779859
        },
        "adx": {
            "mean": 39.27776536220097,
            "std": 7.902458112088857
        },
        "ema50_slope": {
            "mean": 0.8120191052704249,
            "std": 7.565699286038814
        },
        "rsi": {
            "mean": 51.24661891909726,
            "std": 24.628743332934075
        },
        "macd": {
            "mean": 0.35028387995500654,
            "std": 44.20707784055821
        },
        "recent_high_20_distance_pct": {
            "mean": 0.19329894550996982,
            "std": 0.34853587661128443
        },
        "recent_low_20_distance_pct": {
            "mean": 0.1828173383581896,
            "std": 0.30561397019324793
        }
    },
    "model_version": "v20260624115017",
    "registered_at": "2026-06-24T11:50:17.057326"
}