{
    "timestamp": "2026-06-24T08:13:26.834904",
    "drifts": {
        "atr": 0.0572558028133943,
        "adx": 2.1763511531251787,
        "ema50_slope": 0.3029356981209188,
        "rsi": 0.4378272080932973,
        "macd": 0.09216151115419446,
        "recent_high_20_distance": 0.40964974392368303,
        "recent_low_20_distance": 0.7716164152946775
    }
}