{
    "timestamp": "2026-06-24T13:15:10.463816",
    "drifts": {
        "atr": 1.399472123642096,
        "adx": 2.347561061829914,
        "ema50_slope": 1.6812383629536285,
        "rsi": 1.5228536886278592,
        "macd": 2.415528167528181,
        "recent_high_20_distance": 1.6309664510121706,
        "recent_low_20_distance": 0.8752739155160408
    }
}