{
    "timestamp": "2026-06-24T11:18:07.689615",
    "drifts": {
        "atr": 1.102044760970431,
        "adx": 2.283810258482277,
        "ema50_slope": 0.7472234235838696,
        "rsi": 0.5219561943478337,
        "macd": 0.031781747648660534,
        "recent_high_20_distance": 0.7407844948995298,
        "recent_low_20_distance": 0.6144603728465672
    }
}