{
    "timestamp": "2026-06-24T05:35:03.124689",
    "drifts": {
        "atr": 0.1647205199740904,
        "adx": 2.5267214457308165,
        "ema50_slope": 0.1525531941551092,
        "rsi": 0.6032537709162278,
        "macd": 0.22778491475939786,
        "recent_high_20_distance": 1.1758610653360666,
        "recent_low_20_distance": 0.404581270011659
    }
}