{
    "timestamp": "2026-06-24T08:26:22.788438",
    "drifts": {
        "atr": 0.012821597961069912,
        "adx": 2.276565954868732,
        "ema50_slope": 0.42845997022942556,
        "rsi": 0.306977260930935,
        "macd": 0.19517892459302666,
        "recent_high_20_distance": 0.39396318227176497,
        "recent_low_20_distance": 0.6598692567674849
    }
}