{
    "timestamp": "2026-06-24T11:23:44.861139",
    "drifts": {
        "atr": 0.15102826797520005,
        "adx": 0.032214891182933955,
        "ema50_slope": 1.1675038683427073,
        "rsi": 1.161101604484974,
        "macd": 0.8156295708921507,
        "recent_high_20_distance": 0.9513641995470363,
        "recent_low_20_distance": 1.1722385301992588
    }
}