{
    "description": "Multi-Market BTCUSDm Model",
    "dataset": "datasets/BTCUSDm/BTCUSDm_dataset_atr_2_0_v001.csv",
    "features": [
        "final_score",
        "trend_score",
        "breakout_score",
        "reversal_score",
        "session_score",
        "atr_pct",
        "adx",
        "ema50_slope",
        "rsi",
        "macd",
        "hour_utc",
        "is_high_volatility",
        "is_buy",
        "recent_high_20_distance_pct",
        "recent_low_20_distance_pct"
    ],
    "config": {
        "max_depth": 2,
        "learning_rate": 0.01,
        "n_estimators": 100,
        "subsample": 0.9,
        "colsample_bytree": 0.9,
        "reg_alpha": 0.1,
        "reg_lambda": 10
    },
    "drift_stats": {
        "final_score": {
            "mean": 85.0,
            "std": 0.0
        },
        "trend_score": {
            "mean": 1.945162216480046,
            "std": 93.56053940415583
        },
        "breakout_score": {
            "mean": 0.0,
            "std": 0.0
        },
        "reversal_score": {
            "mean": -3.1960375008718707,
            "std": 37.3433920543767
        },
        "session_score": {
            "mean": 80.0,
            "std": 0.0
        },
        "atr_pct": {
            "mean": 0.41940916774631326,
            "std": 0.2176032886854432
        },
        "adx": {
            "mean": 39.680430445005705,
            "std": 8.261198371607563
        },
        "ema50_slope": {
            "mean": 0.5450176978148805,
            "std": 6.264685496327771
        },
        "rsi": {
            "mean": 51.081414066808016,
            "std": 24.844364352616214
        },
        "macd": {
            "mean": 3.51762934224239,
            "std": 347.230809597356
        },
        "recent_high_20_distance_pct": {
            "mean": 1.063446391988253,
            "std": 1.7973204030155743
        },
        "recent_low_20_distance_pct": {
            "mean": 1.0534265972226353,
            "std": 1.6970250060127245
        }
    },
    "model_version": "v20260624115856",
    "registered_at": "2026-06-24T11:58:56.436994"
}