{
    "description": "Multi-Market USTECm Model",
    "dataset": "datasets/USTECm/USTECm_dataset_atr_2_0_v001.csv",
    "features": [
        "final_score",
        "trend_score",
        "breakout_score",
        "reversal_score",
        "session_score",
        "atr_pct",
        "adx",
        "ema50_slope",
        "rsi",
        "macd",
        "hour_utc",
        "is_high_volatility",
        "is_buy",
        "recent_high_20_distance_pct",
        "recent_low_20_distance_pct"
    ],
    "config": {
        "max_depth": 2,
        "learning_rate": 0.01,
        "n_estimators": 100,
        "subsample": 0.9,
        "colsample_bytree": 0.9,
        "reg_alpha": 0.1,
        "reg_lambda": 10
    },
    "drift_stats": {
        "final_score": {
            "mean": 85.0,
            "std": 0.0
        },
        "trend_score": {
            "mean": 3.759300352434408,
            "std": 93.81352131737054
        },
        "breakout_score": {
            "mean": 0.0,
            "std": 0.0
        },
        "reversal_score": {
            "mean": -0.7589878321577952,
            "std": 34.806664145576896
        },
        "session_score": {
            "mean": 62.86646651873124,
            "std": 34.1388892492249
        },
        "atr_pct": {
            "mean": 0.09459006382895628,
            "std": 0.06940243246171972
        },
        "adx": {
            "mean": 39.89091575572982,
            "std": 8.267173505140546
        },
        "ema50_slope": {
            "mean": 0.9236488954468282,
            "std": 7.611569135158707
        },
        "rsi": {
            "mean": 51.110974517990016,
            "std": 24.535684227097807
        },
        "macd": {
            "mean": -1.2419330608241415,
            "std": 32.02169325631579
        },
        "recent_high_20_distance_pct": {
            "mean": 0.2920024135554146,
            "std": 0.509527505827154
        },
        "recent_low_20_distance_pct": {
            "mean": 0.2429448583646698,
            "std": 0.43700673238128956
        }
    },
    "model_version": "v20260624115333",
    "registered_at": "2026-06-24T11:53:33.280999"
}