{
    "description": "V3.25 Robust Model (Stable Zone)",
    "dataset": "ml_volatility_expansion_atr_2_0.csv",
    "features": [
        "final_score",
        "trend_score",
        "breakout_score",
        "reversal_score",
        "session_score",
        "atr",
        "adx",
        "ema50_slope",
        "rsi",
        "macd",
        "hour_utc",
        "is_high_volatility",
        "is_buy",
        "recent_high_20_distance",
        "recent_low_20_distance"
    ],
    "config": {
        "max_depth": 2,
        "learning_rate": 0.01,
        "n_estimators": 100,
        "subsample": 0.9,
        "colsample_bytree": 0.9,
        "reg_alpha": 0.1,
        "reg_lambda": 10
    },
    "walk_forward_score": "PASS (Med PF: 2.123)",
    "monte_carlo_score": "PASS",
    "bootstrap_score": "PASS",
    "expected_rr": 2.5,
    "expected_holding_time_hrs": 4.0,
    "expected_max_dd_r": 9.99,
    "drift_stats": {
        "atr": {
            "mean": 5.1426021460451965,
            "std": 4.407306385047468
        },
        "adx": {
            "mean": 39.94326709245084,
            "std": 8.502489006784094
        },
        "ema50_slope": {
            "mean": 1.4891536640667542,
            "std": 7.147080184800151
        },
        "rsi": {
            "mean": 53.17945621940254,
            "std": 24.949099014127256
        },
        "macd": {
            "mean": 0.07242486121421388,
            "std": 8.1252477757596
        },
        "recent_high_20_distance": {
            "mean": 2.2252614152845194,
            "std": 3.2220414270198
        },
        "recent_low_20_distance": {
            "mean": 3.1586013923677663,
            "std": 3.6130439990047645
        }
    },
    "model_version": "v20260623163431",
    "registered_at": "2026-06-23T16:34:31.065712"
}