{
    "description": "Multi-Market USDJPYm Model",
    "dataset": "datasets/USDJPYm/USDJPYm_dataset_atr_2_0_v001.csv",
    "features": [
        "final_score",
        "trend_score",
        "breakout_score",
        "reversal_score",
        "session_score",
        "atr_pct",
        "adx",
        "ema50_slope",
        "rsi",
        "macd",
        "hour_utc",
        "is_high_volatility",
        "is_buy",
        "recent_high_20_distance_pct",
        "recent_low_20_distance_pct"
    ],
    "config": {
        "max_depth": 2,
        "learning_rate": 0.01,
        "n_estimators": 100,
        "subsample": 0.9,
        "colsample_bytree": 0.9,
        "reg_alpha": 0.1,
        "reg_lambda": 10
    },
    "drift_stats": {
        "final_score": {
            "mean": 85.0,
            "std": 0.0
        },
        "trend_score": {
            "mean": -2.2820009067553273,
            "std": 94.66520573521491
        },
        "breakout_score": {
            "mean": 0.0,
            "std": 0.0
        },
        "reversal_score": {
            "mean": 0.0006148394797925517,
            "std": 33.89044568674916
        },
        "session_score": {
            "mean": 52.014508085235,
            "std": 29.28110487436937
        },
        "atr_pct": {
            "mean": 0.05130803289532856,
            "std": 0.027752778864498506
        },
        "adx": {
            "mean": 39.376125652585095,
            "std": 7.892151360666364
        },
        "ema50_slope": {
            "mean": 0.20457913218873747,
            "std": 7.245918341322232
        },
        "rsi": {
            "mean": 49.73294478117068,
            "std": 24.3586464478202
        },
        "macd": {
            "mean": -0.0069294931621514,
            "std": 0.11274866988521755
        },
        "recent_high_20_distance_pct": {
            "mean": 0.15709191210263868,
            "std": 0.25238982837119545
        },
        "recent_low_20_distance_pct": {
            "mean": 0.1283088979963956,
            "std": 0.21165498812509384
        }
    },
    "model_version": "v20260624114701",
    "registered_at": "2026-06-24T11:47:01.615022"
}