{
    "metadata": {
        "source_file": "results/context_preds.csv",
        "built_at": "2026-06-24T14:15:14.943109Z",
        "threshold": 0.55,
        "memory_type": "historical_oos",
        "row_count": 1458,
        "signal_count": 856
    },
    "memory": {
        "Asia|CHOPPY_TREND|LOW|SELL": {
            "matches": 68,
            "win_rate": 0.5294117647058824,
            "pf": 1.6875,
            "expectancy": 0.3235294117647059
        },
        "Asia|CONTRACTING|LOW|SELL": {
            "matches": 30,
            "win_rate": 0.43333333333333335,
            "pf": 1.1470588235294117,
            "expectancy": 0.08333333333333333
        },
        "Asia|EXPANDING|LOW|SELL": {
            "matches": 11,
            "win_rate": 0.5454545454545454,
            "pf": 1.8,
            "expectancy": 0.36363636363636365
        },
        "Asia|NORMAL|LOW|SELL": {
            "matches": 110,
            "win_rate": 0.5818181818181818,
            "pf": 2.0869565217391304,
            "expectancy": 0.45454545454545453
        },
        "London|CHOPPY_TREND|LOW|SELL": {
            "matches": 184,
            "win_rate": 0.4673913043478261,
            "pf": 1.316326530612245,
            "expectancy": 0.16847826086956522
        },
        "London|CONTRACTING|LOW|SELL": {
            "matches": 1,
            "win_rate": 1.0,
            "pf": 150.0,
            "expectancy": 1.5
        },
        "London|EXPANDING|LOW|SELL": {
            "matches": 59,
            "win_rate": 0.559322033898305,
            "pf": 1.9038461538461537,
            "expectancy": 0.3983050847457627
        },
        "London|NORMAL|LOW|SELL": {
            "matches": 218,
            "win_rate": 0.5137614678899083,
            "pf": 1.5849056603773586,
            "expectancy": 0.28440366972477066
        },
        "NY|CHOPPY_TREND|LOW|SELL": {
            "matches": 54,
            "win_rate": 0.35185185185185186,
            "pf": 0.8142857142857143,
            "expectancy": -0.12037037037037036
        },
        "NY|CONTRACTING|LOW|SELL": {
            "matches": 40,
            "win_rate": 0.55,
            "pf": 1.8333333333333333,
            "expectancy": 0.375
        },
        "NY|EXPANDING|LOW|SELL": {
            "matches": 21,
            "win_rate": 0.6666666666666666,
            "pf": 3.0,
            "expectancy": 0.6666666666666666
        },
        "NY|NORMAL|LOW|SELL": {
            "matches": 60,
            "win_rate": 0.45,
            "pf": 1.2272727272727273,
            "expectancy": 0.125
        }
    }
}