window,pf,max_dd,trades,skipped,status
1,1.6504257332071903,-9.500000000000014,121,36,PASS
2,1.7683982683982684,-6.0,82,5,PASS
3,1.7647058823529413,-7.849999999999998,123,45,PASS
4,1.812652068126521,-8.55,153,12,PASS
5,1.7580882352941176,-9.699999999999998,87,61,PASS
6,1.0994011976047902,-9.9,86,67,FAIL
7,1.87875751503006,-4.350000000000001,65,45,PASS
8,1.436959208899876,-8.65,100,90,FAIL
9,1.7699316628701594,-7.05,108,32,PASS
10,1.337177747625509,-8.749999999999998,85,55,FAIL
