{
    "description": "Multi-Market XAGUSDm Model",
    "dataset": "datasets/XAGUSDm/XAGUSDm_dataset_atr_2_0_v001.csv",
    "features": [
        "final_score",
        "trend_score",
        "breakout_score",
        "reversal_score",
        "session_score",
        "atr_pct",
        "adx",
        "ema50_slope",
        "rsi",
        "macd",
        "hour_utc",
        "is_high_volatility",
        "is_buy",
        "recent_high_20_distance_pct",
        "recent_low_20_distance_pct"
    ],
    "config": {
        "max_depth": 2,
        "learning_rate": 0.01,
        "n_estimators": 100,
        "subsample": 0.9,
        "colsample_bytree": 0.9,
        "reg_alpha": 0.1,
        "reg_lambda": 10
    },
    "drift_stats": {
        "final_score": {
            "mean": 85.0,
            "std": 0.0
        },
        "trend_score": {
            "mean": 4.503275109170306,
            "std": 93.87483821015012
        },
        "breakout_score": {
            "mean": 0.0,
            "std": 0.0
        },
        "reversal_score": {
            "mean": -2.5332695515615256,
            "std": 36.80567083436275
        },
        "session_score": {
            "mean": 53.30630068621335,
            "std": 29.737861706618464
        },
        "atr_pct": {
            "mean": 0.2012786177258337,
            "std": 0.1913063332006356
        },
        "adx": {
            "mean": 39.06424945532882,
            "std": 7.7807639305492176
        },
        "ema50_slope": {
            "mean": 1.0181912703654126,
            "std": 7.755645054405722
        },
        "rsi": {
            "mean": 51.61914081592445,
            "std": 24.885324067098363
        },
        "macd": {
            "mean": -0.005284205125500487,
            "std": 0.2474933982001614
        },
        "recent_high_20_distance_pct": {
            "mean": 0.6243411377040414,
            "std": 1.3748071912006774
        },
        "recent_low_20_distance_pct": {
            "mean": 0.532519667258017,
            "std": 0.9251741444180199
        }
    },
    "model_version": "v20260624120421",
    "registered_at": "2026-06-24T12:04:21.542455"
}